{
  "bootstrap_ci_lower": 0.807708538472359,
  "bootstrap_ci_upper": 0.8247292164861443,
  "ensemble_accuracy": 0.8334505558013916,
  "ensemble_auroc": 0.9084917306900024,
  "mean_accuracy": 0.8211000561714172,
  "model": "cross_encoder_no_product",
  "neg_ratio": 1,
  "seed_accuracies": [
    0.825573205947876,
    0.8162891864776611,
    0.8179771900177002,
    0.8207905292510986,
    0.8248698711395264
  ],
  "seed_auprcs": [
    0.8943542838096619,
    0.8853946328163147,
    0.8875371813774109,
    0.8819650411605835,
    0.8924609422683716
  ],
  "seed_aurocs": [
    0.8987326622009277,
    0.8967045545578003,
    0.8946391344070435,
    0.8949744701385498,
    0.9009222984313965
  ],
  "seed_f1s": [
    0.8246110081672668,
    0.819911777973175,
    0.821073055267334,
    0.8236434459686279,
    0.8241276741027832
  ],
  "seeds": [
    42,
    123,
    456,
    789,
    1337
  ],
  "std_accuracy": 0.003666419070214033
}