{
  "bootstrap_ci_lower": 0.82022788015192,
  "bootstrap_ci_upper": 0.8368265578843719,
  "ensemble_accuracy": 0.825573205947876,
  "ensemble_auroc": 0.9266229867935181,
  "mean_accuracy": 0.8173581957817078,
  "model": "cross_encoder_no_product",
  "neg_ratio": 5,
  "seed_accuracies": [
    0.8281052112579346,
    0.8161485195159912,
    0.8233225345611572,
    0.8033478856086731,
    0.8158671855926514
  ],
  "seed_auprcs": [
    0.9210479259490967,
    0.9145985245704651,
    0.9139348268508911,
    0.9093762636184692,
    0.9059128165245056
  ],
  "seed_aurocs": [
    0.9186242818832397,
    0.9161232709884644,
    0.9142934679985046,
    0.9138982892036438,
    0.9057542085647583
  ],
  "seed_f1s": [
    0.8047299385070801,
    0.7902423143386841,
    0.7994251251220703,
    0.7707445025444031,
    0.789583683013916
  ],
  "seeds": [
    42,
    123,
    456,
    789,
    1337
  ],
  "std_accuracy": 0.008379103615880013
}