{
  "description": "Classical ML baselines on expression-only features (11-dim cell-type profiles per entity, 22-dim pair features). No learned embeddings. Same 70/15/15 split.",
  "feature_dim": 22,
  "test_size": 7109,
  "positive_rate_test": 0.49950766633844423,
  "results": [
    {
      "model": "Majority-class",
      "accuracy": 0.49950766633844423,
      "auroc": 0.5,
      "auprc": 0.49950766633844423,
      "macro_f1": 0.3331144465290807
    },
    {
      "model": "Logistic Regression",
      "accuracy": 0.5297510198340132,
      "auroc": 0.5744047350507635,
      "auprc": 0.5600120974911822,
      "macro_f1": 0.4229813849032197
    },
    {
      "model": "Random Forest (n=200)",
      "accuracy": 0.5536643691095794,
      "auroc": 0.5835551473597046,
      "auprc": 0.5752351227790002,
      "macro_f1": 0.48583856587142205
    },
    {
      "model": "Gradient Boosted Trees (n=200)",
      "accuracy": 0.5566183710789141,
      "auroc": 0.5871384431370145,
      "auprc": 0.5820871393567422,
      "macro_f1": 0.4882139858593776
    }
  ],
  "neural_reference": {
    "two_tower_auroc": 0.7941,
    "two_tower_acc": 0.7942,
    "cross_encoder_auroc": 0.9025,
    "cross_encoder_acc": 0.8346,
    "note": "Neural models use 512-dim learned embeddings + 11-dim expression features (523-dim per entity)"
  }
}