{
  "bootstrap_ci_lower": 0.8248698832465888,
  "bootstrap_ci_upper": 0.8425938950625967,
  "ensemble_accuracy": 0.8330285549163818,
  "ensemble_auprc": 0.9311519861221313,
  "ensemble_auroc": 0.9241076707839966,
  "mean_accuracy": 0.82062166929245,
  "model": "cross_encoder",
  "neg_ratio": 5,
  "seed_accuracies": [
    0.8338725566864014,
    0.8134758472442627,
    0.8168518543243408,
    0.8176958560943604,
    0.8212125301361084
  ],
  "seed_auprcs": [
    0.9037821888923645,
    0.9199722409248352,
    0.9162058234214783,
    0.9206624031066895,
    0.9109402298927307
  ],
  "seed_aurocs": [
    0.9048223495483398,
    0.9130651950836182,
    0.9113808870315552,
    0.9200580716133118,
    0.9113020896911621
  ],
  "seed_f1s": [
    0.815670371055603,
    0.7829077243804932,
    0.7855024337768555,
    0.7872620224952698,
    0.793299674987793
  ],
  "seeds": [
    42,
    123,
    456,
    789,
    1337
  ],
  "std_accuracy": 0.0070678116753697395
}