{
  "bootstrap_ci_lower": 0.798002532001688,
  "bootstrap_ci_upper": 0.8157265438176958,
  "ensemble_accuracy": 0.8233225345611572,
  "mean_accuracy": 0.8147137761116028,
  "model": "cross_encoder",
  "neg_ratio": 5,
  "seed_accuracies": [
    0.816429853439331,
    0.8070052266120911,
    0.8199465274810791,
    0.8247292041778564,
    0.8054578900337219
  ],
  "seed_aurocs": [
    0.9231813549995422,
    0.9159754514694214,
    0.9237046241760254,
    0.9133190512657166,
    0.898807168006897
  ],
  "seed_f1s": [
    0.7851144671440125,
    0.7693341970443726,
    0.7900950908660889,
    0.7974642515182495,
    0.7705326080322266
  ],
  "seeds": [
    42,
    123,
    456,
    789,
    1337
  ],
  "std_accuracy": 0.00742601603269577
}