{
  "bootstrap_ci_lower": 0.7740891827261218,
  "bootstrap_ci_upper": 0.7929385286256857,
  "ensemble_accuracy": 0.7785905003547668,
  "ensemble_auprc": 0.9296088814735413,
  "ensemble_auroc": 0.9192226529121399,
  "mean_accuracy": 0.7740047574043274,
  "mean_auroc": 0.9114287495613098,
  "model": "cross_encoder",
  "neg_ratio": 10,
  "seed_accuracies": [
    0.7802785038948059,
    0.7802785038948059,
    0.7807005047798157,
    0.7835138440132141,
    0.7452524900436401
  ],
  "seed_auprcs": [
    0.9193609952926636,
    0.9201452136039734,
    0.9177836179733276,
    0.9150691032409668,
    0.9173933863639832
  ],
  "seed_aurocs": [
    0.9145606756210327,
    0.9116376042366028,
    0.9097645282745361,
    0.9111309051513672,
    0.9100499153137207
  ],
  "seed_f1s": [
    0.7252902388572693,
    0.7255797982215881,
    0.7273045182228088,
    0.730708658695221,
    0.6648158431053162
  ],
  "seeds": [
    42,
    123,
    456,
    789,
    1337
  ],
  "std_accuracy": 0.014426839537918568,
  "std_auroc": 0.0017095091752707958
}