{
  "bootstrap_ci_lower": 0.8178365452243634,
  "bootstrap_ci_upper": 0.8357012238008159,
  "ensemble_accuracy": 0.8402025699615479,
  "mean_accuracy": 0.8302715420722961,
  "model": "cross_encoder",
  "neg_ratio": 1,
  "seed_accuracies": [
    0.83626389503479,
    0.8303558826446533,
    0.8265578746795654,
    0.8347165584564209,
    0.8234632015228271
  ],
  "seed_aurocs": [
    0.9060885906219482,
    0.905368447303772,
    0.9032363295555115,
    0.9075178503990173,
    0.8980019688606262
  ],
  "seed_f1s": [
    0.8355467319488525,
    0.8332411646842957,
    0.8274800777435303,
    0.8355953097343445,
    0.823164701461792
  ],
  "seeds": [
    42,
    123,
    456,
    789,
    1337
  ],
  "std_accuracy": 0.004812865983694792
}