{
  "bootstrap_ci_lower": 0.8275425516950344,
  "bootstrap_ci_upper": 0.8442818961879308,
  "ensemble_accuracy": 0.8442819118499756,
  "ensemble_auprc": 0.90576171875,
  "ensemble_auroc": 0.9114307761192322,
  "mean_accuracy": 0.8346040844917297,
  "model": "cross_encoder",
  "neg_ratio": 1,
  "seed_accuracies": [
    0.8314812183380127,
    0.8359825611114502,
    0.8358418941497803,
    0.8357012271881104,
    0.8340132236480713
  ],
  "seed_auprcs": [
    0.8946738243103027,
    0.8892810344696045,
    0.8911170959472656,
    0.8904634118080139,
    0.8912352323532104
  ],
  "seed_aurocs": [
    0.9030452966690063,
    0.9022478461265564,
    0.9020902514457703,
    0.9034609198570251,
    0.9018962383270264
  ],
  "seed_f1s": [
    0.8305037021636963,
    0.837559163570404,
    0.8298089504241943,
    0.8368715643882751,
    0.8340365886688232
  ],
  "seeds": [
    42,
    123,
    456,
    789,
    1337
  ],
  "std_accuracy": 0.0017168286722153425
}