{
  "accuracy": 0.5019521117210388,
  "auprc": 0.000052966101065976545,
  "auroc": 0.4998948872089386,
  "batch_size": 64,
  "best_epoch": 5,
  "epochs": 150,
  "f1_score": 0.0,
  "learning_rate": 0.004999999888241291,
  "model": "Medium",
  "parameters": 2928640,
  "precision": 0.0,
  "recall": 0.0
}