{
  "accuracies": [
    0.7989870309829712,
    0.8098554611206055,
    0.8152368664741516,
    0.8311702013015747,
    0.7813653945922852
  ],
  "aurocs": [
    0.8348044157028198,
    0.8432769179344177,
    0.8649196028709412,
    0.8919191360473633,
    0.7663102746009827
  ],
  "mean_accuracy": 0.8073229789733887,
  "mean_auroc": 0.8402460813522339,
  "seeds": [
    42,
    123,
    456,
    789,
    999
  ],
  "std_accuracy": 0.016619369387626648,
  "std_auroc": 0.041914645582437515
}