{
  "bootstrap_ci": {
    "accuracy": {
      "mean": 0.801534029756252,
      "lower": 0.7932890155112378,
      "upper": 0.8100664767331434,
      "std": 0.004187320109825759
    },
    "auroc": {
      "mean": 0.8440072522190617,
      "lower": 0.8358874956003268,
      "upper": 0.852438318828339,
      "std": 0.004224535750707669
    },
    "precision": {
      "mean": 0.8298885788826236,
      "lower": 0.8191057151603168,
      "upper": 0.8404851120944509,
      "std": 0.005526978488452453
    },
    "recall": {
      "mean": 0.7565583928828471,
      "lower": 0.7431441299452805,
      "upper": 0.7688598031969082,
      "std": 0.006547757270037334
    }
  },
  "mcnemar_test": {
    "statistic": 1810.4877737614288,
    "p_value": 0.0,
    "significant": true
  },
  "error_analysis": {
    "Low": {
      "n_samples": 5173,
      "accuracy": 0.7778851730137251,
      "error_rate": 0.22211482698627494
    },
    "Medium": {
      "n_samples": 4304,
      "accuracy": 0.8296933085501859,
      "error_rate": 0.17030669144981414
    }
  },
  "distribution": {
    "true_positives": {
      "mean": 0.5000016289810508,
      "median": 0.5000216066837311,
      "std": 8.773565430746151e-05
    },
    "true_negatives": {
      "mean": 0.49981783640241834,
      "median": 0.499844491481781,
      "std": 0.00018128333740292663
    }
  }
}