{
  "bootstrap_ci_lower": 0.7439864959909973,
  "bootstrap_ci_upper": 0.7626951751301168,
  "ensemble_accuracy": 0.7591785192489624,
  "mean_accuracy": 0.7402728796005249,
  "model": "two_tower",
  "neg_ratio": 5,
  "seed_accuracies": [
    0.7393444776535034,
    0.7517231702804565,
    0.7535518407821655,
    0.7110704779624939,
    0.7456744909286499
  ],
  "seed_aurocs": [
    0.7412289977073669,
    0.7568181157112122,
    0.7526500225067139,
    0.7140387296676636,
    0.7520200610160828
  ],
  "seed_f1s": [
    0.658810555934906,
    0.6799637675285339,
    0.6836403608322144,
    0.6092084646224976,
    0.6675248146057129
  ],
  "seeds": [
    42,
    123,
    456,
    789,
    1337
  ],
  "std_accuracy": 0.015428931452333927
}