{
  "bootstrap_ci_lower": 0.6093684062456042,
  "bootstrap_ci_upper": 0.6304684203122802,
  "ensemble_accuracy": 0.7069911360740662,
  "ensemble_auprc": 0.8801901340484619,
  "ensemble_auroc": 0.8455521464347839,
  "mean_accuracy": 0.6934589743614197,
  "model": "two_tower",
  "neg_ratio": 5,
  "seed_accuracies": [
    0.7055844664573669,
    0.6746377944946289,
    0.6197777390480042,
    0.6953157782554626,
    0.7719791531562805
  ],
  "seed_auprcs": [
    0.7485888004302979,
    0.7355744242668152,
    0.6819955110549927,
    0.753819465637207,
    0.8135204911231995
  ],
  "seed_aurocs": [
    0.7040273547172546,
    0.6739380359649658,
    0.6199575066566467,
    0.6955955624580383,
    0.7716731429100037
  ],
  "seed_f1s": [
    0.6024691462516785,
    0.5295912027359009,
    0.39408203959465027,
    0.5726125240325928,
    0.7161617875099182
  ],
  "seeds": [
    42,
    123,
    456,
    789,
    1337
  ],
  "std_accuracy": 0.04919157549738884
}