{
  "bootstrap_ci_lower": 0.7199324799549867,
  "bootstrap_ci_upper": 0.7393444928963286,
  "ensemble_accuracy": 0.6692924499511719,
  "ensemble_auprc": 0.8443487882614136,
  "ensemble_auroc": 0.800566554069519,
  "mean_accuracy": 0.6591925621032715,
  "mean_auroc": 0.6585109829902649,
  "model": "two_tower",
  "neg_ratio": 10,
  "seed_accuracies": [
    0.5176537036895752,
    0.64523845911026,
    0.7053031325340271,
    0.6977071166038513,
    0.7300604581832886
  ],
  "seed_auprcs": [
    0.5363184213638306,
    0.7071399688720703,
    0.7475842237472534,
    0.7500157952308655,
    0.7812003493309021
  ],
  "seed_aurocs": [
    0.5202674269676208,
    0.6439586877822876,
    0.7036486864089966,
    0.6981326341629028,
    0.7265475392341614
  ],
  "seed_f1s": [
    0.0684596598148346,
    0.455996572971344,
    0.6025422215461731,
    0.5793697237968445,
    0.6415094137191772
  ],
  "seeds": [
    42,
    123,
    456,
    789,
    1337
  ],
  "std_accuracy": 0.07597339153289795,
  "std_auroc": 0.07424191385507584
}