{
  "bootstrap_ci_lower": 0.776621184414123,
  "bootstrap_ci_upper": 0.7957518638345759,
  "ensemble_accuracy": 0.8248698711395264,
  "ensemble_auprc": 0.8571638464927673,
  "ensemble_auroc": 0.8777607679367065,
  "mean_accuracy": 0.7942045331001282,
  "model": "two_tower",
  "neg_ratio": 1,
  "seed_accuracies": [
    0.7970178723335266,
    0.7915318608283997,
    0.7882965207099915,
    0.8079898953437805,
    0.7861865162849426
  ],
  "seed_auprcs": [
    0.7500128746032715,
    0.7479444146156311,
    0.7334737777709961,
    0.764918327331543,
    0.7541065812110901
  ],
  "seed_aurocs": [
    0.7974644899368286,
    0.7919105291366577,
    0.7868539094924927,
    0.8089262247085571,
    0.7851125001907349
  ],
  "seed_f1s": [
    0.8022475242614746,
    0.7949640154838562,
    0.793127179145813,
    0.8106008172035217,
    0.7799652218818665
  ],
  "seeds": [
    42,
    123,
    456,
    789,
    1337
  ],
  "std_accuracy": 0.007801121566444635
}