{
  "bootstrap_ci_lower": 0.8061612041074694,
  "bootstrap_ci_upper": 0.8236038824025883,
  "ensemble_accuracy": 0.8347165584564209,
  "mean_accuracy": 0.809002697467804,
  "model": "two_tower",
  "neg_ratio": 1,
  "seed_accuracies": [
    0.8092558979988098,
    0.7980025410652161,
    0.8150231838226318,
    0.8093965649604797,
    0.8133351802825928
  ],
  "seed_aurocs": [
    0.8093437552452087,
    0.7986651659011841,
    0.8158936500549316,
    0.8113015294075012,
    0.8132526874542236
  ],
  "seed_f1s": [
    0.8155603408813477,
    0.7891954779624939,
    0.8111988306045532,
    0.8082094788551331,
    0.8121194839477539
  ],
  "seeds": [
    42,
    123,
    456,
    789,
    1337
  ],
  "std_accuracy": 0.005936991889029741
}